{
  "project_info": {
    "project_number": "482400107943",
    "project_id": "oasi-kadir-b6a4e",
    "storage_bucket": "oasi-kadir-b6a4e.appspot.com"
  },
  "client": [
    {
      "client_info": {
        "mobilesdk_app_id": "1:482400107943:android:ddccb2765ebeb4965f8a82",
        "android_client_info": {
          "package_name": "com.example.belladonna"
        }
      },
      "oauth_client": [
        {
          "client_id": "482400107943-an6usuffjvij25bouv9f0p43h1g1fuvv.apps.googleusercontent.com",
          "client_type": 3
        }
      ],
      "api_key": [
        {
          "current_key": "AIzaSyAvC-a1DwKyXkCK0O2o3dKkHtit6XmFaII"
        }
      ],
      "services": {
        "appinvite_service": {
          "other_platform_oauth_client": [
            {
              "client_id": "482400107943-an6usuffjvij25bouv9f0p43h1g1fuvv.apps.googleusercontent.com",
              "client_type": 3
            }
          ]
        }
      }
    }
  ],
  "configuration_version": "1"
}